"id","name","native_name","iso_code_2","iso_code_3","address_format","postcode_required","is_active","sort_order","created_at","updated_at"
"1","Aaland Islands","Åland","AX","ALA",,"0","1","0","15/9/2024 18:55:06","15/9/2024 18:55:06"
"2","Afghanistan","افغانستان","AF","AFG",,"0","1","0","15/9/2024 18:55:06","15/9/2024 18:55:06"
"3","Albania","Shqipëria","AL","ALB",,"0","1","0","15/9/2024 18:55:06","15/9/2024 18:55:06"
"4","Algeria","ﺮﺌﺎﺰﺠﻠﺍ","DZ","DZA",,"0","1","0","15/9/2024 18:55:06","15/9/2024 18:55:06"
"5","American Samoa","American Samoa","AS","ASM",,"0","1","0","15/9/2024 18:55:06","15/9/2024 18:55:06"
"6","Andorra","Andorra","AD","AND",,"0","1","0","15/9/2024 18:55:06","15/9/2024 18:55:06"
"7","Angola","Angola","AO","AGO",,"0","1","0","15/9/2024 18:55:06","15/9/2024 18:55:06"
"8","Anguilla","Anguilla","AI","AIA",,"0","1","0","15/9/2024 18:55:06","15/9/2024 18:55:06"
"9","Antarctica","Antarctica","AQ","ATA",,"0","1","0","15/9/2024 18:55:06","15/9/2024 18:55:06"
"10","Antigua and Barbuda","Antigua and Barbuda","AG","ATG",,"0","1","0","15/9/2024 18:55:06","15/9/2024 18:55:06"
"11","Argentina","Argentina","AR","ARG",,"0","1","0","15/9/2024 18:55:06","15/9/2024 18:55:06"
"12","Armenia","Հայdelays","AM","ARM",,"0","1","0","15/9/2024 18:55:06","15/9/2024 18:55:06"
"13","Aruba","Aruba","AW","ABW",,"0","1","0","15/9/2024 18:55:06","15/9/2024 18:55:06"
"14","Ascension Island (British)","Ascension Island","AC","ASC",,"0","1","0","15/9/2024 18:55:06","15/9/2024 18:55:06"
"15","Australia","Australia","AU","AUS",,"0","1","0","15/9/2024 18:55:06","15/9/2024 18:55:06"
"16","Austria","Österreich","AT","AUT",,"0","1","0","15/9/2024 18:55:06","15/9/2024 18:55:06"
"17","Azerbaijan","Azərbaycan","AZ","AZE",,"0","1","0","15/9/2024 18:55:06","15/9/2024 18:55:06"
"18","Bahamas","Bahamas","BS","BHS",,"0","1","0","15/9/2024 18:55:06","15/9/2024 18:55:06"
"19","Bahrain","ﻦﻴﺮﺤﺐﻠﺍ","BH","BHR",,"0","1","0","15/9/2024 18:55:06","15/9/2024 18:55:06"
"20","Bangladesh","বাংলাদেশ","BD","BGD",,"0","1","0","15/9/2024 18:55:06","15/9/2024 18:55:06"
"21","Barbados","Barbados","BB","BRB",,"0","1","0","15/9/2024 18:55:06","15/9/2024 18:55:06"
"22","Belarus","Беларусь","BY","BLR",,"0","1","0","15/9/2024 18:55:06","15/9/2024 18:55:06"
"23","Belgium","België","BE","BEL",,"0","1","0","15/9/2024 18:55:06","15/9/2024 18:55:06"
"24","Belize","Belize","BZ","BLZ",,"0","1","0","15/9/2024 18:55:06","15/9/2024 18:55:06"
"25","Benin","Bénin","BJ","BEN",,"0","1","0","15/9/2024 18:55:06","15/9/2024 18:55:06"
"26","Bermuda","Bermuda","BM","BMU",,"0","1","0","15/9/2024 18:55:06","15/9/2024 18:55:06"
"27","Bhutan","འབྲུག","BT","BTN",,"0","1","0","15/9/2024 18:55:06","15/9/2024 18:55:06"
"28","Bolivia","Bolivia","BO","BOL",,"0","1","0","15/9/2024 18:55:06","15/9/2024 18:55:06"
"29","Bonaire, Sint Eustatius and Saba","Bonaire","BQ","BES",,"0","1","0","15/9/2024 18:55:06","15/9/2024 18:55:06"
"30","Bosnia and Herzegovina","Bosna i Hercegovina","BA","BIH",,"0","1","0","15/9/2024 18:55:06","15/9/2024 18:55:06"
"31","Botswana","Botswana","BW","BWA",,"0","1","0","15/9/2024 18:55:06","15/9/2024 18:55:06"
"32","Bouvet Island","Bouvet Island","BV","BVT",,"0","1","0","15/9/2024 18:55:06","15/9/2024 18:55:06"
"33","Brazil","Brasil","BR","BRA",,"0","1","0","15/9/2024 18:55:06","15/9/2024 18:55:06"
"34","British Indian Ocean Territory","British Indian Ocean Territory","IO","IOT",,"0","1","0","15/9/2024 18:55:06","15/9/2024 18:55:06"
"35","Brunei Darussalam","Brunei","BN","BRN",,"0","1","0","15/9/2024 18:55:06","15/9/2024 18:55:06"
"36","Bulgaria","България","BG","BGR",,"0","1","0","15/9/2024 18:55:06","15/9/2024 18:55:06"
"37","Burkina Faso","Burkina Faso","BF","BFA",,"0","1","0","15/9/2024 18:55:06","15/9/2024 18:55:06"
"38","Burundi","Burundi","BI","BDI",,"0","1","0","15/9/2024 18:55:06","15/9/2024 18:55:06"
"39","Cambodia","កម្ពុជា","KH","KHM",,"0","1","0","15/9/2024 18:55:06","15/9/2024 18:55:06"
"40","Cameroon","Cameroun","CM","CMR",,"0","1","0","15/9/2024 18:55:06","15/9/2024 18:55:06"
"41","Canada","Canada","CA","CAN",,"0","1","0","15/9/2024 18:55:06","15/9/2024 18:55:06"
"42","Canary Islands","Islas Canarias","IC","ICA",,"0","1","0","15/9/2024 18:55:06","15/9/2024 18:55:06"
"43","Cape Verde","Cabo Verde","CV","CPV",,"0","1","0","15/9/2024 18:55:06","15/9/2024 18:55:06"
"44","Cayman Islands","Cayman Islands","KY","CYM",,"0","1","0","15/9/2024 18:55:06","15/9/2024 18:55:06"
"45","Central African Republic","Centrafrique","CF","CAF",,"0","1","0","15/9/2024 18:55:06","15/9/2024 18:55:06"
"46","Chad","Tchad","TD","TCD",,"0","1","0","15/9/2024 18:55:06","15/9/2024 18:55:06"
"47","Chile","Chile","CL","CHL",,"0","1","0","15/9/2024 18:55:06","15/9/2024 18:55:06"
"48","China","中国(中华人民共和国)","CN","CHN",,"0","1","0","15/9/2024 18:55:06","15/9/2024 18:55:06"
"49","Christmas Island","Christmas Island","CX","CXR",,"0","1","0","15/9/2024 18:55:06","15/9/2024 18:55:06"
"50","Cocos (Keeling) Islands","Cocos (Keeling) Islands","CC","CCK",,"0","1","0","15/9/2024 18:55:06","15/9/2024 18:55:06"
"51","Colombia","Colombia","CO","COL",,"0","1","0","15/9/2024 18:55:06","15/9/2024 18:55:06"
"52","Comoros","Komori","KM","COM",,"0","1","0","15/9/2024 18:55:06","15/9/2024 18:55:06"
"53","Congo","Congo","CG","COG",,"0","1","0","15/9/2024 18:55:06","15/9/2024 18:55:06"
"54","Cook Islands","Cook Islands","CK","COK",,"0","1","0","15/9/2024 18:55:06","15/9/2024 18:55:06"
"55","Costa Rica","Costa Rica","CR","CRI",,"0","1","0","15/9/2024 18:55:06","15/9/2024 18:55:06"
"56","Cote D'Ivoire","Côte d'Ivoire","CI","CIV",,"0","1","0","15/9/2024 18:55:06","15/9/2024 18:55:06"
"57","Croatia","Hrvatska","HR","HRV",,"0","1","0","15/9/2024 18:55:06","15/9/2024 18:55:06"
"58","Cuba","Cuba","CU","CUB",,"0","1","0","15/9/2024 18:55:06","15/9/2024 18:55:06"
"59","Curacao","Curaçao","CW","CUW",,"0","1","0","15/9/2024 18:55:06","15/9/2024 18:55:06"
"60","Cyprus","Κύπρος","CY","CYP",,"0","1","0","15/9/2024 18:55:06","15/9/2024 18:55:06"
"61","Czech Republic","Česká republika","CZ","CZE",,"0","1","0","15/9/2024 18:55:06","15/9/2024 18:55:06"
"62","Democratic Republic of Congo","Congo-Kinshasa","CD","COD",,"0","1","0","15/9/2024 18:55:06","15/9/2024 18:55:06"
"63","Denmark","Danmark","DK","DNK",,"0","1","0","15/9/2024 18:55:06","15/9/2024 18:55:06"
"64","Djibouti","Djibouti","DJ","DJI",,"0","1","0","15/9/2024 18:55:06","15/9/2024 18:55:06"
"65","Dominica","Dominica","DM","DMA",,"0","1","0","15/9/2024 18:55:06","15/9/2024 18:55:06"
"66","Dominican Republic","República Dominicana","DO","DOM",,"0","1","0","15/9/2024 18:55:06","15/9/2024 18:55:06"
"67","East Timor","Timor-Leste","TL","TLS",,"0","1","0","15/9/2024 18:55:06","15/9/2024 18:55:06"
"68","Ecuador","Ecuador","EC","ECU",,"0","1","0","15/9/2024 18:55:06","15/9/2024 18:55:06"
"69","Egypt","ﺮﺼﻣ","EG","EGY",,"0","1","0","15/9/2024 18:55:06","15/9/2024 18:55:06"
"70","El Salvador","El Salvador","SV","SLV",,"0","1","0","15/9/2024 18:55:06","15/9/2024 18:55:06"
"71","Equatorial Guinea","Guinea Ecuatorial","GQ","GNQ",,"0","1","0","15/9/2024 18:55:06","15/9/2024 18:55:06"
"72","Eritrea","ኤርትራ","ER","ERI",,"0","1","0","15/9/2024 18:55:06","15/9/2024 18:55:06"
"73","Estonia","Eesti","EE","EST",,"0","1","0","15/9/2024 18:55:06","15/9/2024 18:55:06"
"74","Ethiopia","ኢትዮጵያ","ET","ETH",,"0","1","0","15/9/2024 18:55:06","15/9/2024 18:55:06"
"75","Falkland Islands (Malvinas)","Falkland Islands","FK","FLK",,"0","1","0","15/9/2024 18:55:06","15/9/2024 18:55:06"
"76","Faroe Islands","Føroyar","FO","FRO",,"0","1","0","15/9/2024 18:55:06","15/9/2024 18:55:06"
"77","Fiji","Fiji","FJ","FJI",,"0","1","0","15/9/2024 18:55:06","15/9/2024 18:55:06"
"78","Finland","Suomi","FI","FIN",,"0","1","0","15/9/2024 18:55:06","15/9/2024 18:55:06"
"79","France, Metropolitan","France","FR","FRA",,"0","1","0","15/9/2024 18:55:06","15/9/2024 18:55:06"
"80","French Guiana","Guyane française","GF","GUF",,"0","1","0","15/9/2024 18:55:06","15/9/2024 18:55:06"
"81","French Polynesia","Polynésie française","PF","PYF",,"0","1","0","15/9/2024 18:55:06","15/9/2024 18:55:06"
"82","French Southern Territories","Terres australes françaises","TF","ATF",,"0","1","0","15/9/2024 18:55:06","15/9/2024 18:55:06"
"83","FYROM","Северна Македонија","MK","MKD",,"0","1","0","15/9/2024 18:55:06","15/9/2024 18:55:06"
"84","Gabon","Gabon","GA","GAB",,"0","1","0","15/9/2024 18:55:06","15/9/2024 18:55:06"
"85","Gambia","Gambia","GM","GMB",,"0","1","0","15/9/2024 18:55:06","15/9/2024 18:55:06"
"86","Georgia","საქართველო","GE","GEO",,"0","1","0","15/9/2024 18:55:06","15/9/2024 18:55:06"
"87","Germany","Deutschland","DE","DEU",,"0","1","0","15/9/2024 18:55:06","15/9/2024 18:55:06"
"88","Ghana","Ghana","GH","GHA",,"0","1","0","15/9/2024 18:55:06","15/9/2024 18:55:06"
"89","Gibraltar","Gibraltar","GI","GIB",,"0","1","0","15/9/2024 18:55:06","15/9/2024 18:55:06"
"90","Greece","Ελλάδα","GR","GRC",,"0","1","0","15/9/2024 18:55:06","15/9/2024 18:55:06"
"91","Greenland","Kalaallit Nunaat","GL","GRL",,"0","1","0","15/9/2024 18:55:06","15/9/2024 18:55:06"
"92","Grenada","Grenada","GD","GRD",,"0","1","0","15/9/2024 18:55:06","15/9/2024 18:55:06"
"93","Guadeloupe","Guadeloupe","GP","GLP",,"0","1","0","15/9/2024 18:55:06","15/9/2024 18:55:06"
"94","Guam","Guam","GU","GUM",,"0","1","0","15/9/2024 18:55:06","15/9/2024 18:55:06"
"95","Guatemala","Guatemala","GT","GTM",,"0","1","0","15/9/2024 18:55:06","15/9/2024 18:55:06"
"96","Guernsey","Guernsey","GG","GGY",,"0","1","0","15/9/2024 18:55:06","15/9/2024 18:55:06"
"97","Guinea","Guinée","GN","GIN",,"0","1","0","15/9/2024 18:55:06","15/9/2024 18:55:06"
"98","Guinea-Bissau","Guiné-Bissau","GW","GNB",,"0","1","0","15/9/2024 18:55:06","15/9/2024 18:55:06"
"99","Guyana","Guyana","GY","GUY",,"0","1","0","15/9/2024 18:55:06","15/9/2024 18:55:06"
"100","Haiti","Haïti","HT","HTI",,"0","1","0","15/9/2024 18:55:06","15/9/2024 18:55:06"
"101","Heard and Mc Donald Islands","Heard Island and McDonald Islands","HM","HMD",,"0","1","0","15/9/2024 18:55:06","15/9/2024 18:55:06"
"102","Honduras","Honduras","HN","HND",,"0","1","0","15/9/2024 18:55:06","15/9/2024 18:55:06"
"103","Hong Kong","香港","HK","HKG",,"0","1","0","15/9/2024 18:55:06","15/9/2024 18:55:06"
"104","Hungary","Magyarország","HU","HUN",,"0","1","0","15/9/2024 18:55:06","15/9/2024 18:55:06"
"105","Iceland","Ísland","IS","ISL",,"0","1","0","15/9/2024 18:55:06","15/9/2024 18:55:06"
"106","India","भारत","IN","IND",,"0","1","0","15/9/2024 18:55:06","15/9/2024 18:55:06"
"107","Indonesia","Indonesia","ID","IDN",,"0","1","0","15/9/2024 18:55:06","15/9/2024 18:55:06"
"108","Iran (Islamic Republic of)","ایران","IR","IRN",,"0","1","0","15/9/2024 18:55:06","15/9/2024 18:55:06"
"109","Iraq","العراق","IQ","IRQ",,"0","1","0","15/9/2024 18:55:06","15/9/2024 18:55:06"
"110","Ireland","Ireland","IE","IRL",,"0","1","0","15/9/2024 18:55:06","15/9/2024 18:55:06"
"111","Isle of Man","Isle of Man","IM","IMN",,"0","1","0","15/9/2024 18:55:06","15/9/2024 18:55:06"
"112","Israel","לארשי","IL","ISR",,"0","1","0","15/9/2024 18:55:06","15/9/2024 18:55:06"
"113","Italy","Italia","IT","ITA",,"0","1","0","15/9/2024 18:55:06","15/9/2024 18:55:06"
"114","Jamaica","Jamaica","JM","JAM",,"0","1","0","15/9/2024 18:55:06","15/9/2024 18:55:06"
"115","Japan","日本","JP","JPN",,"0","1","0","15/9/2024 18:55:06","15/9/2024 18:55:06"
"116","Jersey","Jersey","JE","JEY",,"0","1","0","15/9/2024 18:55:06","15/9/2024 18:55:06"
"117","Jordan","ﻦﺪﺮﺄﻠﺍ","JO","JOR",,"0","1","0","15/9/2024 18:55:06","15/9/2024 18:55:06"
"118","Kazakhstan","Қазақстан","KZ","KAZ",,"0","1","0","15/9/2024 18:55:06","15/9/2024 18:55:06"
"119","Kenya","Kenya","KE","KEN",,"0","1","0","15/9/2024 18:55:06","15/9/2024 18:55:06"
"120","Kiribati","Kiribati","KI","KIR",,"0","1","0","15/9/2024 18:55:06","15/9/2024 18:55:06"
"121","Kosovo, Republic of","Kosovë","XK","UNK",,"0","1","0","15/9/2024 18:55:06","15/9/2024 18:55:06"
"122","Kuwait","ﺖﻴﻮﻜﻠﺍ","KW","KWT",,"0","1","0","15/9/2024 18:55:06","15/9/2024 18:55:06"
"123","Kyrgyzstan","Кыргызстан","KG","KGZ",,"0","1","0","15/9/2024 18:55:06","15/9/2024 18:55:06"
"124","Lao People's Democratic Republic","ລາວ","LA","LAO",,"0","1","0","15/9/2024 18:55:06","15/9/2024 18:55:06"
"125","Latvia","Latvija","LV","LVA",,"0","1","0","15/9/2024 18:55:06","15/9/2024 18:55:06"
"126","Lebanon","ﻦﺎﻨﺐﻟ","LB","LBN",,"0","1","0","15/9/2024 18:55:06","15/9/2024 18:55:06"
"127","Lesotho","Lesotho","LS","LSO",,"0","1","0","15/9/2024 18:55:06","15/9/2024 18:55:06"
"128","Liberia","Liberia","LR","LBR",,"0","1","0","15/9/2024 18:55:06","15/9/2024 18:55:06"
"129","Libyan Arab Jamahiriya","ليبيا","LY","LBY",,"0","1","0","15/9/2024 18:55:06","15/9/2024 18:55:06"
"130","Liechtenstein","Liechtenstein","LI","LIE",,"0","1","0","15/9/2024 18:55:06","15/9/2024 18:55:06"
"131","Lithuania","Lietuva","LT","LTU",,"0","1","0","15/9/2024 18:55:06","15/9/2024 18:55:06"
"132","Luxembourg","Luxembourg","LU","LUX",,"0","1","0","15/9/2024 18:55:06","15/9/2024 18:55:06"
"133","Macau","澳門","MO","MAC",,"0","1","0","15/9/2024 18:55:06","15/9/2024 18:55:06"
"134","Madagascar","Madagasikara","MG","MDG",,"0","1","0","15/9/2024 18:55:06","15/9/2024 18:55:06"
"135","Malawi","Malawi","MW","MWI",,"0","1","0","15/9/2024 18:55:06","15/9/2024 18:55:06"
"136","Malaysia","Malaysia","MY","MYS",,"0","1","0","15/9/2024 18:55:06","15/9/2024 18:55:06"
"137","Maldives","ދިވެހިރާއްޖެ","MV","MDV",,"0","1","0","15/9/2024 18:55:06","15/9/2024 18:55:06"
"138","Mali","Mali","ML","MLI",,"0","1","0","15/9/2024 18:55:06","15/9/2024 18:55:06"
"139","Malta","Malta","MT","MLT",,"0","1","0","15/9/2024 18:55:06","15/9/2024 18:55:06"
"140","Marshall Islands","Marshall Islands","MH","MHL",,"0","1","0","15/9/2024 18:55:06","15/9/2024 18:55:06"
"141","Martinique","Martinique","MQ","MTQ",,"0","1","0","15/9/2024 18:55:06","15/9/2024 18:55:06"
"142","Mauritania","موريتانيا","MR","MRT",,"0","1","0","15/9/2024 18:55:06","15/9/2024 18:55:06"
"143","Mauritius","Mauritius","MU","MUS",,"0","1","0","15/9/2024 18:55:06","15/9/2024 18:55:06"
"144","Mayotte","Mayotte","YT","MYT",,"0","1","0","15/9/2024 18:55:06","15/9/2024 18:55:06"
"145","Mexico","México","MX","MEX",,"0","1","0","15/9/2024 18:55:06","15/9/2024 18:55:06"
"146","Micronesia, Federated States of","Micronesia","FM","FSM",,"0","1","0","15/9/2024 18:55:06","15/9/2024 18:55:06"
"147","Moldova, Republic of","Moldova","MD","MDA",,"0","1","0","15/9/2024 18:55:06","15/9/2024 18:55:06"
"148","Monaco","Monaco","MC","MCO",,"0","1","0","15/9/2024 18:55:06","15/9/2024 18:55:06"
"149","Mongolia","Монгол","MN","MNG",,"0","1","0","15/9/2024 18:55:06","15/9/2024 18:55:06"
"150","Montenegro","Crna Gora","ME","MNE",,"0","1","0","15/9/2024 18:55:06","15/9/2024 18:55:06"
"151","Montserrat","Montserrat","MS","MSR",,"0","1","0","15/9/2024 18:55:06","15/9/2024 18:55:06"
"152","Morocco","ﺔﻴﺐﺮﻐﻤﻠﺍ ﺔﻜﻠﻤﻤﻠﺍ","MA","MAR",,"0","1","0","15/9/2024 18:55:06","15/9/2024 18:55:06"
"153","Mozambique","Moçambique","MZ","MOZ",,"0","1","0","15/9/2024 18:55:06","15/9/2024 18:55:06"
"154","Myanmar","မြန်မာ","MM","MMR",,"0","1","0","15/9/2024 18:55:06","15/9/2024 18:55:06"
"155","Namibia","Namibia","NA","NAM",,"0","1","0","15/9/2024 18:55:06","15/9/2024 18:55:06"
"156","Nauru","Nauru","NR","NRU",,"0","1","0","15/9/2024 18:55:06","15/9/2024 18:55:06"
"157","Nepal","नेपाल","NP","NPL",,"0","1","0","15/9/2024 18:55:06","15/9/2024 18:55:06"
"158","Netherlands","Nederland","NL","NLD",,"0","1","0","15/9/2024 18:55:06","15/9/2024 18:55:06"
"159","Netherlands Antilles","Nederlandse Antillen","AN","ANT",,"0","1","0","15/9/2024 18:55:06","15/9/2024 18:55:06"
"160","New Caledonia","Nouvelle-Calédonie","NC","NCL",,"0","1","0","15/9/2024 18:55:06","15/9/2024 18:55:06"
"161","New Zealand","New Zealand","NZ","NZL",,"0","1","0","15/9/2024 18:55:06","15/9/2024 18:55:06"
"162","Nicaragua","Nicarágua","NI","NIC",,"0","1","0","15/9/2024 18:55:06","15/9/2024 18:55:06"
"163","Niger","Niger","NE","NER",,"0","1","0","15/9/2024 18:55:06","15/9/2024 18:55:06"
"164","Nigeria","Nigeria","NG","NGA",,"0","1","0","15/9/2024 18:55:06","15/9/2024 18:55:06"
"165","Niue","Niue","NU","NIU",,"0","1","0","15/9/2024 18:55:06","15/9/2024 18:55:06"
"166","Norfolk Island","Norfolk Island","NF","NFK",,"0","1","0","15/9/2024 18:55:06","15/9/2024 18:55:06"
"167","North Korea","조선","KP","PRK",,"0","1","0","15/9/2024 18:55:06","15/9/2024 18:55:06"
"168","Northern Mariana Islands","Northern Mariana Islands","MP","MNP",,"0","1","0","15/9/2024 18:55:06","15/9/2024 18:55:06"
"169","Norway","Norge","NO","NOR",,"0","1","0","15/9/2024 18:55:06","15/9/2024 18:55:06"
"170","Oman","ﻦﺎﻤﻋ","OM","OMN",,"0","1","0","15/9/2024 18:55:06","15/9/2024 18:55:06"
"171","Pakistan","پاکستان","PK","PAK",,"0","1","0","15/9/2024 18:55:06","15/9/2024 18:55:06"
"172","Palau","Palau","PW","PLW",,"0","1","0","15/9/2024 18:55:06","15/9/2024 18:55:06"
"173","Palestinian Territory, Occupied","فلسطين","PS","PSE",,"0","1","0","15/9/2024 18:55:06","15/9/2024 18:55:06"
"174","Panama","Panamá","PA","PAN",,"0","1","0","15/9/2024 18:55:06","15/9/2024 18:55:06"
"175","Papua New Guinea","Papua New Guinea","PG","PNG",,"0","1","0","15/9/2024 18:55:06","15/9/2024 18:55:06"
"176","Paraguay","Paraguay","PY","PRY",,"0","1","0","15/9/2024 18:55:06","15/9/2024 18:55:06"
"177","Peru","Perú","PE","PER",,"0","1","0","15/9/2024 18:55:06","15/9/2024 18:55:06"
"178","Philippines","Pilipinas","PH","PHL",,"0","1","0","15/9/2024 18:55:06","15/9/2024 18:55:06"
"179","Pitcairn","Pitcairn","PN","PCN",,"0","1","0","15/9/2024 18:55:06","15/9/2024 18:55:06"
"180","Poland","Polska","PL","POL",,"0","1","0","15/9/2024 18:55:06","15/9/2024 18:55:06"
"181","Portugal","Portugal","PT","PRT",,"0","1","0","15/9/2024 18:55:06","15/9/2024 18:55:06"
"182","Puerto Rico","Puerto Rico","PR","PRI",,"0","1","0","15/9/2024 18:55:06","15/9/2024 18:55:06"
"183","Qatar","ﺮﻄﻗ","QA","QAT",,"0","1","0","15/9/2024 18:55:06","15/9/2024 18:55:06"
"184","Reunion","Réunion","RE","REU",,"0","1","0","15/9/2024 18:55:06","15/9/2024 18:55:06"
"185","Romania","România","RO","ROM",,"0","1","0","15/9/2024 18:55:06","15/9/2024 18:55:06"
"186","Russia","Россия","RU","RUS",,"0","1","0","15/9/2024 18:55:06","15/9/2024 18:55:06"
"187","Rwanda","Rwanda","RW","RWA",,"0","1","0","15/9/2024 18:55:06","15/9/2024 18:55:06"
"188","Saint Kitts and Nevis","Saint Kitts and Nevis","KN","KNA",,"0","1","0","15/9/2024 18:55:06","15/9/2024 18:55:06"
"189","Saint Lucia","Saint Lucia","LC","LCA",,"0","1","0","15/9/2024 18:55:06","15/9/2024 18:55:06"
"190","Saint Vincent and the Grenadines","Saint Vincent and the Grenadines","VC","VCT",,"0","1","0","15/9/2024 18:55:06","15/9/2024 18:55:06"
"191","Samoa","Samoa","WS","WSM",,"0","1","0","15/9/2024 18:55:06","15/9/2024 18:55:06"
"192","San Marino","San Marino","SM","SMR",,"0","1","0","15/9/2024 18:55:06","15/9/2024 18:55:06"
"193","Sao Tome and Principe","São Tomé e Príncipe","ST","STP",,"0","1","0","15/9/2024 18:55:06","15/9/2024 18:55:06"
"194","Saudi Arabia","ﺔﻴﺪﻮﻌﺴﻠﺍ ﺔﻴﺐﺮﻌﻠﺍ ﺔﻜﻠﻤﻤﻠﺍ","SA","SAU",,"0","1","0","15/9/2024 18:55:06","15/9/2024 18:55:06"
"195","Senegal","Sénégal","SN","SEN",,"0","1","0","15/9/2024 18:55:06","15/9/2024 18:55:06"
"196","Serbia","Srbija","RS","SRB",,"0","1","0","15/9/2024 18:55:06","15/9/2024 18:55:06"
"197","Seychelles","Seychelles","SC","SYC",,"0","1","0","15/9/2024 18:55:06","15/9/2024 18:55:06"
"198","Sierra Leone","Sierra Leone","SL","SLE",,"0","1","0","15/9/2024 18:55:06","15/9/2024 18:55:06"
"199","Singapore","新加坡","SG","SGP",,"0","1","0","15/9/2024 18:55:06","15/9/2024 18:55:06"
"200","Slovak Republic","Slovenská republika","SK","SVK",,"0","1","0","15/9/2024 18:55:06","15/9/2024 18:55:06"
"201","Slovenia","Slovenija","SI","SVN",,"0","1","0","15/9/2024 18:55:06","15/9/2024 18:55:06"
"202","Solomon Islands","Solomon Islands","SB","SLB",,"0","1","0","15/9/2024 18:55:06","15/9/2024 18:55:06"
"203","Somalia","Soomaaliya","SO","SOM",,"0","1","0","15/9/2024 18:55:06","15/9/2024 18:55:06"
"204","South Africa","South Africa","ZA","ZAF",,"0","1","0","15/9/2024 18:55:06","15/9/2024 18:55:06"
"205","South Georgia &amp; South Sandwich Islands","South Georgia","GS","SGS",,"0","1","0","15/9/2024 18:55:06","15/9/2024 18:55:06"
"206","South Korea","대한민국","KR","KOR",,"0","1","0","15/9/2024 18:55:06","15/9/2024 18:55:06"
"207","South Sudan","South Sudan","SS","SSD",,"0","1","0","15/9/2024 18:55:06","15/9/2024 18:55:06"
"208","Spain","Espainia","ES","ESP",,"0","1","0","15/9/2024 18:55:06","15/9/2024 18:55:06"
"209","Sri Lanka","ශ්‍රී ලංකාව","LK","LKA",,"0","1","0","15/9/2024 18:55:06","15/9/2024 18:55:06"
"210","St. Barthelemy","Saint-Barthélemy","BL","BLM",,"0","1","0","15/9/2024 18:55:06","15/9/2024 18:55:06"
"211","St. Helena","Saint Helena","SH","SHN",,"0","1","0","15/9/2024 18:55:06","15/9/2024 18:55:06"
"212","St. Martin (French part)","Saint-Martin","MF","MAF",,"0","1","0","15/9/2024 18:55:06","15/9/2024 18:55:06"
"213","St. Pierre and Miquelon","Saint-Pierre-et-Miquelon","PM","SPM",,"0","1","0","15/9/2024 18:55:06","15/9/2024 18:55:06"
"214","Sudan","السودان","SD","SDN",,"0","1","0","15/9/2024 18:55:06","15/9/2024 18:55:06"
"215","Suriname","Suriname","SR","SUR",,"0","1","0","15/9/2024 18:55:06","15/9/2024 18:55:06"
"216","Svalbard and Jan Mayen Islands","Svalbard og Jan Mayen","SJ","SJM",,"0","1","0","15/9/2024 18:55:06","15/9/2024 18:55:06"
"217","Swaziland","Eswatini","SZ","SWZ",,"0","1","0","15/9/2024 18:55:06","15/9/2024 18:55:06"
"218","Sweden","Sverige","SE","SWE",,"0","1","0","15/9/2024 18:55:06","15/9/2024 18:55:06"
"219","Switzerland","Suisse","CH","CHE",,"0","1","0","15/9/2024 18:55:06","15/9/2024 18:55:06"
"220","Syrian Arab Republic","ﺎﻴﺮﻮﺳ","SY","SYR",,"0","1","0","15/9/2024 18:55:06","15/9/2024 18:55:06"
"221","Taiwan","台灣","TW","TWN",,"0","1","0","15/9/2024 18:55:06","15/9/2024 18:55:06"
"222","Tajikistan","Тоҷикистон","TJ","TJK",,"0","1","0","15/9/2024 18:55:06","15/9/2024 18:55:06"
"223","Tanzania, United Republic of","Tanzania","TZ","TZA",,"0","1","0","15/9/2024 18:55:06","15/9/2024 18:55:06"
"224","Thailand","ไทย","TH","THA",,"0","1","0","15/9/2024 18:55:06","15/9/2024 18:55:06"
"225","Togo","Togo","TG","TGO",,"0","1","0","15/9/2024 18:55:06","15/9/2024 18:55:06"
"226","Tokelau","Tokelau","TK","TKL",,"0","1","0","15/9/2024 18:55:06","15/9/2024 18:55:06"
"227","Tonga","Tonga","TO","TON",,"0","1","0","15/9/2024 18:55:06","15/9/2024 18:55:06"
"228","Trinidad and Tobago","Trinidad and Tobago","TT","TTO",,"0","1","0","15/9/2024 18:55:06","15/9/2024 18:55:06"
"229","Tristan da Cunha","Tristan da Cunha","TA","SHN",,"0","1","0","15/9/2024 18:55:06","15/9/2024 18:55:06"
"230","Tunisia","ﺲﻨﻮﺗ","TN","TUN",,"0","1","0","15/9/2024 18:55:06","15/9/2024 18:55:06"
"231","Turkey","Türkiye","TR","TUR",,"0","1","0","15/9/2024 18:55:06","15/9/2024 18:55:06"
"232","Turkmenistan","Türkmenistan","TM","TKM",,"0","1","0","15/9/2024 18:55:06","15/9/2024 18:55:06"
"233","Turks and Caicos Islands","Turks and Caicos Islands","TC","TCA",,"0","1","0","15/9/2024 18:55:06","15/9/2024 18:55:06"
"234","Tuvalu","Tuvalu","TV","TUV",,"0","1","0","15/9/2024 18:55:06","15/9/2024 18:55:06"
"235","Uganda","Uganda","UG","UGA",,"0","1","0","15/9/2024 18:55:06","15/9/2024 18:55:06"
"236","Ukraine","Україна","UA","UKR",,"0","1","0","15/9/2024 18:55:06","15/9/2024 18:55:06"
"237","United Arab Emirates","ﺔﺪﺤﺘﻤﻠﺍ ﺔﻴﺐﺮﻌﻠﺍ ﺖﺎﺮﺎﻤﺈﻠﺍ","AE","ARE",,"0","1","0","15/9/2024 18:55:06","15/9/2024 18:55:06"
"238","United Kingdom","United Kingdom","GB","GBR",,"0","1","0","15/9/2024 18:55:06","15/9/2024 18:55:06"
"239","United States","United States","US","USA",,"0","1","0","15/9/2024 18:55:06","15/9/2024 18:55:06"
"240","United States Minor Outlying Islands","United States Minor Outlying Islands","UM","UMI",,"0","1","0","15/9/2024 18:55:06","15/9/2024 18:55:06"
"241","Uruguay","Uruguay","UY","URY",,"0","1","0","15/9/2024 18:55:06","15/9/2024 18:55:06"
"242","Uzbekistan","Oʻzbekiston","UZ","UZB",,"0","1","0","15/9/2024 18:55:06","15/9/2024 18:55:06"
"243","Vanuatu","Vanuatu","VU","VUT",,"0","1","0","15/9/2024 18:55:06","15/9/2024 18:55:06"
"244","Vatican City State (Holy See)","Città del Vaticano","VA","VAT",,"0","1","0","15/9/2024 18:55:06","15/9/2024 18:55:06"
"245","Venezuela","Venezuela","VE","VEN",,"0","1","0","15/9/2024 18:55:06","15/9/2024 18:55:06"
"246","Viet Nam","Việt Nam","VN","VNM",,"0","1","0","15/9/2024 18:55:06","15/9/2024 18:55:06"
"247","Virgin Islands (British)","British Virgin Islands","VG","VGB",,"0","1","0","15/9/2024 18:55:06","15/9/2024 18:55:06"
"248","Virgin Islands (U.S.)","U.S. Virgin Islands","VI","VIR",,"0","1","0","15/9/2024 18:55:06","15/9/2024 18:55:06"
"249","Wallis and Futuna Islands","Wallis-et-Futuna","WF","WLF",,"0","1","0","15/9/2024 18:55:06","15/9/2024 18:55:06"
"250","Western Sahara","الصحراء الغربية","EH","ESH",,"0","1","0","15/9/2024 18:55:06","15/9/2024 18:55:06"
"251","Yemen","ﻦﻤﻴﻠﺍ","YE","YEM",,"0","1","0","15/9/2024 18:55:06","15/9/2024 18:55:06"
"252","Zambia","Zambia","ZM","ZMB",,"0","1","0","15/9/2024 18:55:06","15/9/2024 18:55:06"
"253","Zimbabwe","Zimbabwe","ZW","ZWE",,"0","1","0","15/9/2024 18:55:06","15/9/2024 18:55:06"
